Game Date,Away Team,Home Team,YRFI_Prob,YRFIğŸ”¥,NRFI_Prob,NRFIğŸ”¥,Total
2025-03-27,Baltimore Orioles,Toronto Blue Jays,0.67,ğŸ”¥ğŸ”¥ğŸ”¥ğŸ”¥,0.32999999999999996,ğŸ”¥ğŸ”¥,
2025-03-27,New York Mets,Houston Astros,0.3516666666666666,ğŸ”¥ğŸ”¥,0.6483333333333334,ğŸ”¥ğŸ”¥ğŸ”¥ğŸ”¥,
2025-03-27,Pittsburgh Pirates,Miami Marlins,0.0742142857142857,ğŸ”¥,0.9257857142857143,ğŸ”¥ğŸ”¥ğŸ”¥ğŸ”¥ğŸ”¥,
2025-03-27,Minnesota Twins,St. Louis Cardinals,0.73,ğŸ”¥ğŸ”¥ğŸ”¥ğŸ”¥,0.27,ğŸ”¥ğŸ”¥,
2025-03-27,Detroit Tigers,Los Angeles Dodgers,0.4933333333333333,ğŸ”¥ğŸ”¥ğŸ”¥,0.5066666666666667,ğŸ”¥ğŸ”¥ğŸ”¥,
2025-03-27,Atlanta Braves,San Diego Padres,0.7275,ğŸ”¥ğŸ”¥ğŸ”¥ğŸ”¥,0.27249999999999996,ğŸ”¥ğŸ”¥,
2025-03-27,Chicago Cubs,Arizona Diamondbacks,0.2186666666666666,ğŸ”¥ğŸ”¥,0.7813333333333334,ğŸ”¥ğŸ”¥ğŸ”¥ğŸ”¥,
2025-03-27,Milwaukee Brewers,New York Yankees,0.7168333333333333,ğŸ”¥ğŸ”¥ğŸ”¥ğŸ”¥,0.2831666666666667,ğŸ”¥ğŸ”¥,
2025-03-27,Philadelphia Phillies,Washington Nationals,0.3594166666666666,ğŸ”¥ğŸ”¥,0.6405833333333334,ğŸ”¥ğŸ”¥ğŸ”¥ğŸ”¥,
2025-03-27,Los Angeles Angels,Chicago White Sox,0.3166666666666666,ğŸ”¥ğŸ”¥,0.6833333333333333,ğŸ”¥ğŸ”¥ğŸ”¥ğŸ”¥,
2025-03-27,Boston Red Sox,Texas Rangers,0.18,ğŸ”¥,0.8200000000000001,ğŸ”¥ğŸ”¥ğŸ”¥ğŸ”¥ğŸ”¥,
2025-03-27,San Francisco Giants,Cincinnati Reds,0.615,ğŸ”¥ğŸ”¥ğŸ”¥ğŸ”¥,0.385,ğŸ”¥ğŸ”¥,
2025-03-27,Athletics,Seattle Mariners,0.41,ğŸ”¥ğŸ”¥ğŸ”¥,0.5900000000000001,ğŸ”¥ğŸ”¥ğŸ”¥,
2025-03-27,Cleveland Guardians,Kansas City Royals,0.2961666666666666,ğŸ”¥ğŸ”¥,0.7038333333333334,ğŸ”¥ğŸ”¥ğŸ”¥ğŸ”¥,
2025-03-28,New York Mets,Houston Astros,0.3516666666666666,ğŸ”¥ğŸ”¥,0.6483333333333334,ğŸ”¥ğŸ”¥ğŸ”¥ğŸ”¥,
2025-03-28,Atlanta Braves,San Diego Padres,0.7275,ğŸ”¥ğŸ”¥ğŸ”¥ğŸ”¥,0.27249999999999996,ğŸ”¥ğŸ”¥,
2025-03-28,Athletics,Seattle Mariners,0.41,ğŸ”¥ğŸ”¥ğŸ”¥,0.5900000000000001,ğŸ”¥ğŸ”¥ğŸ”¥,
2025-03-28,Pittsburgh Pirates,Miami Marlins,0.0742142857142857,ğŸ”¥,0.9257857142857143,ğŸ”¥ğŸ”¥ğŸ”¥ğŸ”¥ğŸ”¥,
2025-03-28,Baltimore Orioles,Toronto Blue Jays,0.67,ğŸ”¥ğŸ”¥ğŸ”¥ğŸ”¥,0.32999999999999996,ğŸ”¥ğŸ”¥,
2025-03-28,Boston Red Sox,Texas Rangers,0.18,ğŸ”¥,0.8200000000000001,ğŸ”¥ğŸ”¥ğŸ”¥ğŸ”¥ğŸ”¥,
2025-03-28,Colorado Rockies,Tampa Bay Rays,0.406,ğŸ”¥ğŸ”¥ğŸ”¥,0.594,ğŸ”¥ğŸ”¥ğŸ”¥,
2025-03-28,Chicago Cubs,Arizona Diamondbacks,0.2186666666666666,ğŸ”¥ğŸ”¥,0.7813333333333334,ğŸ”¥ğŸ”¥ğŸ”¥ğŸ”¥,
2025-03-28,Detroit Tigers,Los Angeles Dodgers,0.4933333333333333,ğŸ”¥ğŸ”¥ğŸ”¥,0.5066666666666667,ğŸ”¥ğŸ”¥ğŸ”¥,
2025-03-29,Baltimore Orioles,Toronto Blue Jays,0.67,ğŸ”¥ğŸ”¥ğŸ”¥ğŸ”¥,0.32999999999999996,ğŸ”¥ğŸ”¥,
2025-03-29,New York Mets,Houston Astros,0.3516666666666666,ğŸ”¥ğŸ”¥,0.6483333333333334,ğŸ”¥ğŸ”¥ğŸ”¥ğŸ”¥,
2025-03-29,Chicago Cubs,Arizona Diamondbacks,0.2186666666666666,ğŸ”¥ğŸ”¥,0.7813333333333334,ğŸ”¥ğŸ”¥ğŸ”¥ğŸ”¥,
2025-03-29,Colorado Rockies,Tampa Bay Rays,0.406,ğŸ”¥ğŸ”¥ğŸ”¥,0.594,ğŸ”¥ğŸ”¥ğŸ”¥,
2025-03-29,Los Angeles Angels,Chicago White Sox,0.3166666666666666,ğŸ”¥ğŸ”¥,0.6833333333333333,ğŸ”¥ğŸ”¥ğŸ”¥ğŸ”¥,
2025-03-29,Atlanta Braves,San Diego Padres,0.7275,ğŸ”¥ğŸ”¥ğŸ”¥ğŸ”¥,0.27249999999999996,ğŸ”¥ğŸ”¥,
2025-03-29,Boston Red Sox,Texas Rangers,0.18,ğŸ”¥,0.8200000000000001,ğŸ”¥ğŸ”¥ğŸ”¥ğŸ”¥ğŸ”¥,
2025-03-29,Minnesota Twins,St. Louis Cardinals,0.73,ğŸ”¥ğŸ”¥ğŸ”¥ğŸ”¥,0.27,ğŸ”¥ğŸ”¥,
2025-03-29,Pittsburgh Pirates,Miami Marlins,0.0742142857142857,ğŸ”¥,0.9257857142857143,ğŸ”¥ğŸ”¥ğŸ”¥ğŸ”¥ğŸ”¥,
2025-03-29,Milwaukee Brewers,New York Yankees,0.7168333333333333,ğŸ”¥ğŸ”¥ğŸ”¥ğŸ”¥,0.2831666666666667,ğŸ”¥ğŸ”¥,
2025-03-29,San Francisco Giants,Cincinnati Reds,0.615,ğŸ”¥ğŸ”¥ğŸ”¥ğŸ”¥,0.385,ğŸ”¥ğŸ”¥,
2025-03-29,Athletics,Seattle Mariners,0.41,ğŸ”¥ğŸ”¥ğŸ”¥,0.5900000000000001,ğŸ”¥ğŸ”¥ğŸ”¥,
2025-03-29,Cleveland Guardians,Kansas City Royals,0.2961666666666666,ğŸ”¥ğŸ”¥,0.7038333333333334,ğŸ”¥ğŸ”¥ğŸ”¥ğŸ”¥,
2025-03-29,Philadelphia Phillies,Washington Nationals,0.3594166666666666,ğŸ”¥ğŸ”¥,0.6405833333333334,ğŸ”¥ğŸ”¥ğŸ”¥ğŸ”¥,
2025-03-29,Detroit Tigers,Los Angeles Dodgers,0.4933333333333333,ğŸ”¥ğŸ”¥ğŸ”¥,0.5066666666666667,ğŸ”¥ğŸ”¥ğŸ”¥,
2025-03-30,San Francisco Giants,Cincinnati Reds,0.615,ğŸ”¥ğŸ”¥ğŸ”¥ğŸ”¥,0.385,ğŸ”¥ğŸ”¥,
2025-03-30,Chicago Cubs,Arizona Diamondbacks,0.2186666666666666,ğŸ”¥ğŸ”¥,0.7813333333333334,ğŸ”¥ğŸ”¥ğŸ”¥ğŸ”¥,
2025-03-30,Athletics,Seattle Mariners,0.41,ğŸ”¥ğŸ”¥ğŸ”¥,0.5900000000000001,ğŸ”¥ğŸ”¥ğŸ”¥,
2025-03-30,Colorado Rockies,Tampa Bay Rays,0.406,ğŸ”¥ğŸ”¥ğŸ”¥,0.594,ğŸ”¥ğŸ”¥ğŸ”¥,
2025-03-30,Baltimore Orioles,Toronto Blue Jays,0.67,ğŸ”¥ğŸ”¥ğŸ”¥ğŸ”¥,0.32999999999999996,ğŸ”¥ğŸ”¥,
2025-03-30,Milwaukee Brewers,New York Yankees,0.7168333333333333,ğŸ”¥ğŸ”¥ğŸ”¥ğŸ”¥,0.2831666666666667,ğŸ”¥ğŸ”¥,
2025-03-30,Cleveland Guardians,Kansas City Royals,0.2961666666666666,ğŸ”¥ğŸ”¥,0.7038333333333334,ğŸ”¥ğŸ”¥ğŸ”¥ğŸ”¥,
2025-03-30,Philadelphia Phillies,Washington Nationals,0.3594166666666666,ğŸ”¥ğŸ”¥,0.6405833333333334,ğŸ”¥ğŸ”¥ğŸ”¥ğŸ”¥,
2025-03-30,Los Angeles Angels,Chicago White Sox,0.3166666666666666,ğŸ”¥ğŸ”¥,0.6833333333333333,ğŸ”¥ğŸ”¥ğŸ”¥ğŸ”¥,
2025-03-30,Pittsburgh Pirates,Miami Marlins,0.0742142857142857,ğŸ”¥,0.9257857142857143,ğŸ”¥ğŸ”¥ğŸ”¥ğŸ”¥ğŸ”¥,
2025-03-30,Atlanta Braves,San Diego Padres,0.7275,ğŸ”¥ğŸ”¥ğŸ”¥ğŸ”¥,0.27249999999999996,ğŸ”¥ğŸ”¥,
2025-03-30,Minnesota Twins,St. Louis Cardinals,0.73,ğŸ”¥ğŸ”¥ğŸ”¥ğŸ”¥,0.27,ğŸ”¥ğŸ”¥,
2025-03-30,Boston Red Sox,Texas Rangers,0.18,ğŸ”¥,0.8200000000000001,ğŸ”¥ğŸ”¥ğŸ”¥ğŸ”¥ğŸ”¥,
2025-03-31,New York Mets,Miami Marlins,0.3183333333333333,ğŸ”¥ğŸ”¥,0.6816666666666666,ğŸ”¥ğŸ”¥ğŸ”¥ğŸ”¥,
2025-03-31,Pittsburgh Pirates,Tampa Bay Rays,0.146,ğŸ”¥,0.854,ğŸ”¥ğŸ”¥ğŸ”¥ğŸ”¥ğŸ”¥,
2025-03-31,Washington Nationals,Toronto Blue Jays,0.34,ğŸ”¥ğŸ”¥,0.6599999999999999,ğŸ”¥ğŸ”¥ğŸ”¥ğŸ”¥,
2025-03-31,Atlanta Braves,Los Angeles Dodgers,0.5825,ğŸ”¥ğŸ”¥ğŸ”¥,0.4175,ğŸ”¥ğŸ”¥ğŸ”¥,
2025-03-31,Colorado Rockies,Philadelphia Phillies,0.5608333333333333,ğŸ”¥ğŸ”¥ğŸ”¥,0.4391666666666667,ğŸ”¥ğŸ”¥ğŸ”¥,
2025-03-31,Texas Rangers,Cincinnati Reds,0.5883333333333333,ğŸ”¥ğŸ”¥ğŸ”¥,0.41166666666666674,ğŸ”¥ğŸ”¥ğŸ”¥,
2025-03-31,Cleveland Guardians,San Diego Padres,0.1258333333333333,ğŸ”¥,0.8741666666666668,ğŸ”¥ğŸ”¥ğŸ”¥ğŸ”¥ğŸ”¥,
2025-03-31,Kansas City Royals,Milwaukee Brewers,0.4733333333333333,ğŸ”¥ğŸ”¥ğŸ”¥,0.5266666666666667,ğŸ”¥ğŸ”¥ğŸ”¥,
2025-03-31,Detroit Tigers,Seattle Mariners,0.37,ğŸ”¥ğŸ”¥,0.63,ğŸ”¥ğŸ”¥ğŸ”¥ğŸ”¥,
2025-03-31,Minnesota Twins,Chicago White Sox,0.35,ğŸ”¥ğŸ”¥,0.65,ğŸ”¥ğŸ”¥ğŸ”¥ğŸ”¥,
2025-03-31,San Francisco Giants,Houston Astros,0.37,ğŸ”¥ğŸ”¥,0.63,ğŸ”¥ğŸ”¥ğŸ”¥ğŸ”¥,
2025-03-31,Chicago Cubs,Athletics,0.1745,ğŸ”¥,0.8255,ğŸ”¥ğŸ”¥ğŸ”¥ğŸ”¥ğŸ”¥,
2025-03-31,Los Angeles Angels,St. Louis Cardinals,0.88,ğŸ”¥ğŸ”¥ğŸ”¥ğŸ”¥ğŸ”¥,0.12,ğŸ”¥,
2025-03-31,Boston Red Sox,Baltimore Orioles,0.367,ğŸ”¥ğŸ”¥,0.633,ğŸ”¥ğŸ”¥ğŸ”¥ğŸ”¥,
2025-04-01,Minnesota Twins,Chicago White Sox,0.35,ğŸ”¥ğŸ”¥,0.65,ğŸ”¥ğŸ”¥ğŸ”¥ğŸ”¥,
2025-04-01,Los Angeles Angels,St. Louis Cardinals,0.88,ğŸ”¥ğŸ”¥ğŸ”¥ğŸ”¥ğŸ”¥,0.12,ğŸ”¥,
2025-04-01,Cleveland Guardians,San Diego Padres,0.1258333333333333,ğŸ”¥,0.8741666666666668,ğŸ”¥ğŸ”¥ğŸ”¥ğŸ”¥ğŸ”¥,
2025-04-01,Atlanta Braves,Los Angeles Dodgers,0.5825,ğŸ”¥ğŸ”¥ğŸ”¥,0.4175,ğŸ”¥ğŸ”¥ğŸ”¥,
2025-04-01,Detroit Tigers,Seattle Mariners,0.37,ğŸ”¥ğŸ”¥,0.63,ğŸ”¥ğŸ”¥ğŸ”¥ğŸ”¥,
2025-04-01,New York Mets,Miami Marlins,0.3183333333333333,ğŸ”¥ğŸ”¥,0.6816666666666666,ğŸ”¥ğŸ”¥ğŸ”¥ğŸ”¥,
2025-04-01,Texas Rangers,Cincinnati Reds,0.5883333333333333,ğŸ”¥ğŸ”¥ğŸ”¥,0.41166666666666674,ğŸ”¥ğŸ”¥ğŸ”¥,
2025-04-01,Pittsburgh Pirates,Tampa Bay Rays,0.146,ğŸ”¥,0.854,ğŸ”¥ğŸ”¥ğŸ”¥ğŸ”¥ğŸ”¥,
2025-04-01,Kansas City Royals,Milwaukee Brewers,0.4733333333333333,ğŸ”¥ğŸ”¥ğŸ”¥,0.5266666666666667,ğŸ”¥ğŸ”¥ğŸ”¥,
2025-04-01,Arizona Diamondbacks,New York Yankees,0.6406666666666666,ğŸ”¥ğŸ”¥ğŸ”¥ğŸ”¥,0.3593333333333334,ğŸ”¥ğŸ”¥,
2025-04-01,Washington Nationals,Toronto Blue Jays,0.34,ğŸ”¥ğŸ”¥,0.6599999999999999,ğŸ”¥ğŸ”¥ğŸ”¥ğŸ”¥,
2025-04-01,San Francisco Giants,Houston Astros,0.37,ğŸ”¥ğŸ”¥,0.63,ğŸ”¥ğŸ”¥ğŸ”¥ğŸ”¥,
2025-04-01,Chicago Cubs,Athletics,0.1745,ğŸ”¥,0.8255,ğŸ”¥ğŸ”¥ğŸ”¥ğŸ”¥ğŸ”¥,
2025-04-02,Texas Rangers,Cincinnati Reds,0.5883333333333333,ğŸ”¥ğŸ”¥ğŸ”¥,0.41166666666666674,ğŸ”¥ğŸ”¥ğŸ”¥,
2025-04-02,New York Mets,Miami Marlins,0.3183333333333333,ğŸ”¥ğŸ”¥,0.6816666666666666,ğŸ”¥ğŸ”¥ğŸ”¥ğŸ”¥,
2025-04-02,Atlanta Braves,Los Angeles Dodgers,0.5825,ğŸ”¥ğŸ”¥ğŸ”¥,0.4175,ğŸ”¥ğŸ”¥ğŸ”¥,
2025-04-02,Colorado Rockies,Philadelphia Phillies,0.5608333333333333,ğŸ”¥ğŸ”¥ğŸ”¥,0.4391666666666667,ğŸ”¥ğŸ”¥ğŸ”¥,
2025-04-02,Chicago Cubs,Athletics,0.1745,ğŸ”¥,0.8255,ğŸ”¥ğŸ”¥ğŸ”¥ğŸ”¥ğŸ”¥,
2025-04-02,San Francisco Giants,Houston Astros,0.37,ğŸ”¥ğŸ”¥,0.63,ğŸ”¥ğŸ”¥ğŸ”¥ğŸ”¥,
2025-04-02,Washington Nationals,Toronto Blue Jays,0.34,ğŸ”¥ğŸ”¥,0.6599999999999999,ğŸ”¥ğŸ”¥ğŸ”¥ğŸ”¥,
2025-04-02,Los Angeles Angels,St. Louis Cardinals,0.88,ğŸ”¥ğŸ”¥ğŸ”¥ğŸ”¥ğŸ”¥,0.12,ğŸ”¥,
2025-04-02,Kansas City Royals,Milwaukee Brewers,0.4733333333333333,ğŸ”¥ğŸ”¥ğŸ”¥,0.5266666666666667,ğŸ”¥ğŸ”¥ğŸ”¥,
2025-04-02,Pittsburgh Pirates,Tampa Bay Rays,0.146,ğŸ”¥,0.854,ğŸ”¥ğŸ”¥ğŸ”¥ğŸ”¥ğŸ”¥,
2025-04-02,Minnesota Twins,Chicago White Sox,0.35,ğŸ”¥ğŸ”¥,0.65,ğŸ”¥ğŸ”¥ğŸ”¥ğŸ”¥,
2025-04-02,Arizona Diamondbacks,New York Yankees,0.6406666666666666,ğŸ”¥ğŸ”¥ğŸ”¥ğŸ”¥,0.3593333333333334,ğŸ”¥ğŸ”¥,
2025-04-02,Detroit Tigers,Seattle Mariners,0.37,ğŸ”¥ğŸ”¥,0.63,ğŸ”¥ğŸ”¥ğŸ”¥ğŸ”¥,
2025-04-02,Cleveland Guardians,San Diego Padres,0.1258333333333333,ğŸ”¥,0.8741666666666668,ğŸ”¥ğŸ”¥ğŸ”¥ğŸ”¥ğŸ”¥,
2025-04-02,Boston Red Sox,Baltimore Orioles,0.367,ğŸ”¥ğŸ”¥,0.633,ğŸ”¥ğŸ”¥ğŸ”¥ğŸ”¥,
2025-04-03,Boston Red Sox,Baltimore Orioles,0.367,ğŸ”¥ğŸ”¥,0.633,ğŸ”¥ğŸ”¥ğŸ”¥ğŸ”¥,
2025-04-03,Cincinnati Reds,Milwaukee Brewers,0.5783333333333334,ğŸ”¥ğŸ”¥ğŸ”¥,0.42166666666666663,ğŸ”¥ğŸ”¥ğŸ”¥,
2025-04-03,Colorado Rockies,Philadelphia Phillies,0.5608333333333333,ğŸ”¥ğŸ”¥ğŸ”¥,0.4391666666666667,ğŸ”¥ğŸ”¥ğŸ”¥,
2025-04-03,Arizona Diamondbacks,New York Yankees,0.6406666666666666,ğŸ”¥ğŸ”¥ğŸ”¥ğŸ”¥,0.3593333333333334,ğŸ”¥ğŸ”¥,
2025-04-03,Houston Astros,Minnesota Twins,0.48,ğŸ”¥ğŸ”¥ğŸ”¥,0.52,ğŸ”¥ğŸ”¥ğŸ”¥,
2025-04-04,Athletics,Colorado Rockies,0.4623333333333334,ğŸ”¥ğŸ”¥ğŸ”¥,0.5376666666666666,ğŸ”¥ğŸ”¥ğŸ”¥,
2025-04-04,Cincinnati Reds,Milwaukee Brewers,0.5783333333333334,ğŸ”¥ğŸ”¥ğŸ”¥,0.42166666666666663,ğŸ”¥ğŸ”¥ğŸ”¥,
2025-04-04,Cleveland Guardians,Los Angeles Angels,0.1301190476190476,ğŸ”¥,0.8698809523809524,ğŸ”¥ğŸ”¥ğŸ”¥ğŸ”¥ğŸ”¥,
2025-04-04,Tampa Bay Rays,Texas Rangers,0.1166666666666666,ğŸ”¥,0.8833333333333334,ğŸ”¥ğŸ”¥ğŸ”¥ğŸ”¥ğŸ”¥,
2025-04-04,St. Louis Cardinals,Boston Red Sox,0.29,ğŸ”¥ğŸ”¥,0.71,ğŸ”¥ğŸ”¥ğŸ”¥ğŸ”¥,
2025-04-04,Seattle Mariners,San Francisco Giants,0.4,ğŸ”¥ğŸ”¥ğŸ”¥,0.6,ğŸ”¥ğŸ”¥ğŸ”¥ğŸ”¥,
2025-04-04,New York Yankees,Pittsburgh Pirates,0.5083333333333333,ğŸ”¥ğŸ”¥ğŸ”¥,0.4916666666666667,ğŸ”¥ğŸ”¥ğŸ”¥,
2025-04-04,Chicago White Sox,Detroit Tigers,0.61,ğŸ”¥ğŸ”¥ğŸ”¥ğŸ”¥,0.39,ğŸ”¥ğŸ”¥,
2025-04-04,Miami Marlins,Atlanta Braves,0.64,ğŸ”¥ğŸ”¥ğŸ”¥ğŸ”¥,0.36,ğŸ”¥ğŸ”¥,
2025-04-04,Los Angeles Dodgers,Philadelphia Phillies,0.75,ğŸ”¥ğŸ”¥ğŸ”¥ğŸ”¥,0.25,ğŸ”¥ğŸ”¥,
2025-04-04,Toronto Blue Jays,New York Mets,0.0716666666666666,ğŸ”¥,0.9283333333333335,ğŸ”¥ğŸ”¥ğŸ”¥ğŸ”¥ğŸ”¥,
2025-04-04,Arizona Diamondbacks,Washington Nationals,0.6331666666666667,ğŸ”¥ğŸ”¥ğŸ”¥ğŸ”¥,0.36683333333333334,ğŸ”¥ğŸ”¥,
2025-04-04,San Diego Padres,Chicago Cubs,0.7939999999999999,ğŸ”¥ğŸ”¥ğŸ”¥ğŸ”¥,0.20600000000000007,ğŸ”¥ğŸ”¥,
2025-04-04,Baltimore Orioles,Kansas City Royals,0.64,ğŸ”¥ğŸ”¥ğŸ”¥ğŸ”¥,0.36,ğŸ”¥ğŸ”¥,
2025-04-05,Tampa Bay Rays,Texas Rangers,0.1166666666666666,ğŸ”¥,0.8833333333333334,ğŸ”¥ğŸ”¥ğŸ”¥ğŸ”¥ğŸ”¥,
2025-04-05,Baltimore Orioles,Kansas City Royals,0.64,ğŸ”¥ğŸ”¥ğŸ”¥ğŸ”¥,0.36,ğŸ”¥ğŸ”¥,
2025-04-05,Los Angeles Dodgers,Philadelphia Phillies,0.75,ğŸ”¥ğŸ”¥ğŸ”¥ğŸ”¥,0.25,ğŸ”¥ğŸ”¥,
2025-04-05,Cleveland Guardians,Los Angeles Angels,0.1301190476190476,ğŸ”¥,0.8698809523809524,ğŸ”¥ğŸ”¥ğŸ”¥ğŸ”¥ğŸ”¥,
2025-04-05,St. Louis Cardinals,Boston Red Sox,0.29,ğŸ”¥ğŸ”¥,0.71,ğŸ”¥ğŸ”¥ğŸ”¥ğŸ”¥,
2025-04-05,Athletics,Colorado Rockies,0.4623333333333334,ğŸ”¥ğŸ”¥ğŸ”¥,0.5376666666666666,ğŸ”¥ğŸ”¥ğŸ”¥,
2025-04-05,Toronto Blue Jays,New York Mets,0.0716666666666666,ğŸ”¥,0.9283333333333335,ğŸ”¥ğŸ”¥ğŸ”¥ğŸ”¥ğŸ”¥,
2025-04-05,Houston Astros,Minnesota Twins,0.48,ğŸ”¥ğŸ”¥ğŸ”¥,0.52,ğŸ”¥ğŸ”¥ğŸ”¥,
2025-04-05,San Diego Padres,Chicago Cubs,0.7939999999999999,ğŸ”¥ğŸ”¥ğŸ”¥ğŸ”¥,0.20600000000000007,ğŸ”¥ğŸ”¥,
2025-04-05,Seattle Mariners,San Francisco Giants,0.4,ğŸ”¥ğŸ”¥ğŸ”¥,0.6,ğŸ”¥ğŸ”¥ğŸ”¥ğŸ”¥,
2025-04-05,New York Yankees,Pittsburgh Pirates,0.5083333333333333,ğŸ”¥ğŸ”¥ğŸ”¥,0.4916666666666667,ğŸ”¥ğŸ”¥ğŸ”¥,
2025-04-05,Cincinnati Reds,Milwaukee Brewers,0.5783333333333334,ğŸ”¥ğŸ”¥ğŸ”¥,0.42166666666666663,ğŸ”¥ğŸ”¥ğŸ”¥,
2025-04-05,Arizona Diamondbacks,Washington Nationals,0.6331666666666667,ğŸ”¥ğŸ”¥ğŸ”¥ğŸ”¥,0.36683333333333334,ğŸ”¥ğŸ”¥,
2025-04-05,Chicago White Sox,Detroit Tigers,0.61,ğŸ”¥ğŸ”¥ğŸ”¥ğŸ”¥,0.39,ğŸ”¥ğŸ”¥,
2025-04-05,Miami Marlins,Atlanta Braves,0.64,ğŸ”¥ğŸ”¥ğŸ”¥ğŸ”¥,0.36,ğŸ”¥ğŸ”¥,
2025-04-06,San Diego Padres,Chicago Cubs,0.7939999999999999,ğŸ”¥ğŸ”¥ğŸ”¥ğŸ”¥,0.20600000000000007,ğŸ”¥ğŸ”¥,
2025-04-06,Toronto Blue Jays,New York Mets,0.0716666666666666,ğŸ”¥,0.9283333333333335,ğŸ”¥ğŸ”¥ğŸ”¥ğŸ”¥ğŸ”¥,
2025-04-06,Los Angeles Dodgers,Philadelphia Phillies,0.75,ğŸ”¥ğŸ”¥ğŸ”¥ğŸ”¥,0.25,ğŸ”¥ğŸ”¥,
2025-04-06,New York Yankees,Pittsburgh Pirates,0.5083333333333333,ğŸ”¥ğŸ”¥ğŸ”¥,0.4916666666666667,ğŸ”¥ğŸ”¥ğŸ”¥,
2025-04-06,Chicago White Sox,Detroit Tigers,0.61,ğŸ”¥ğŸ”¥ğŸ”¥ğŸ”¥,0.39,ğŸ”¥ğŸ”¥,
2025-04-06,St. Louis Cardinals,Boston Red Sox,0.29,ğŸ”¥ğŸ”¥,0.71,ğŸ”¥ğŸ”¥ğŸ”¥ğŸ”¥,
2025-04-06,Cleveland Guardians,Los Angeles Angels,0.1301190476190476,ğŸ”¥,0.8698809523809524,ğŸ”¥ğŸ”¥ğŸ”¥ğŸ”¥ğŸ”¥,
2025-04-06,Miami Marlins,Atlanta Braves,0.64,ğŸ”¥ğŸ”¥ğŸ”¥ğŸ”¥,0.36,ğŸ”¥ğŸ”¥,
2025-04-06,Athletics,Colorado Rockies,0.4623333333333334,ğŸ”¥ğŸ”¥ğŸ”¥,0.5376666666666666,ğŸ”¥ğŸ”¥ğŸ”¥,
2025-04-06,Tampa Bay Rays,Texas Rangers,0.1166666666666666,ğŸ”¥,0.8833333333333334,ğŸ”¥ğŸ”¥ğŸ”¥ğŸ”¥ğŸ”¥,
2025-04-06,Seattle Mariners,San Francisco Giants,0.4,ğŸ”¥ğŸ”¥ğŸ”¥,0.6,ğŸ”¥ğŸ”¥ğŸ”¥ğŸ”¥,
2025-04-06,Arizona Diamondbacks,Washington Nationals,0.6331666666666667,ğŸ”¥ğŸ”¥ğŸ”¥ğŸ”¥,0.36683333333333334,ğŸ”¥ğŸ”¥,
2025-04-06,Cincinnati Reds,Milwaukee Brewers,0.5783333333333334,ğŸ”¥ğŸ”¥ğŸ”¥,0.42166666666666663,ğŸ”¥ğŸ”¥ğŸ”¥,
2025-04-06,Baltimore Orioles,Kansas City Royals,0.64,ğŸ”¥ğŸ”¥ğŸ”¥ğŸ”¥,0.36,ğŸ”¥ğŸ”¥,
2025-04-06,Houston Astros,Minnesota Twins,0.48,ğŸ”¥ğŸ”¥ğŸ”¥,0.52,ğŸ”¥ğŸ”¥ğŸ”¥,
2025-04-07,Miami Marlins,New York Mets,0.4183333333333333,ğŸ”¥ğŸ”¥ğŸ”¥,0.5816666666666668,ğŸ”¥ğŸ”¥ğŸ”¥,
2025-04-07,Minnesota Twins,Kansas City Royals,0.3916666666666667,ğŸ”¥ğŸ”¥,0.6083333333333333,ğŸ”¥ğŸ”¥ğŸ”¥ğŸ”¥,
2025-04-07,St. Louis Cardinals,Pittsburgh Pirates,0.28,ğŸ”¥ğŸ”¥,0.72,ğŸ”¥ğŸ”¥ğŸ”¥ğŸ”¥,
2025-04-07,San Diego Padres,Athletics,0.34,ğŸ”¥ğŸ”¥,0.6599999999999999,ğŸ”¥ğŸ”¥ğŸ”¥ğŸ”¥,
2025-04-07,Texas Rangers,Chicago Cubs,0.6113333333333333,ğŸ”¥ğŸ”¥ğŸ”¥ğŸ”¥,0.3886666666666667,ğŸ”¥ğŸ”¥,
2025-04-07,New York Yankees,Detroit Tigers,0.6383333333333333,ğŸ”¥ğŸ”¥ğŸ”¥ğŸ”¥,0.3616666666666667,ğŸ”¥ğŸ”¥,
2025-04-07,Toronto Blue Jays,Boston Red Sox,0.26,ğŸ”¥ğŸ”¥,0.74,ğŸ”¥ğŸ”¥ğŸ”¥ğŸ”¥,
2025-04-07,Cincinnati Reds,San Francisco Giants,0.22,ğŸ”¥ğŸ”¥,0.78,ğŸ”¥ğŸ”¥ğŸ”¥ğŸ”¥,
2025-04-07,Los Angeles Dodgers,Washington Nationals,0.7725,ğŸ”¥ğŸ”¥ğŸ”¥ğŸ”¥,0.22750000000000004,ğŸ”¥ğŸ”¥,
2025-04-07,Houston Astros,Seattle Mariners,0.5833333333333333,ğŸ”¥ğŸ”¥ğŸ”¥,0.41666666666666674,ğŸ”¥ğŸ”¥ğŸ”¥,
2025-04-07,Baltimore Orioles,Arizona Diamondbacks,0.52,ğŸ”¥ğŸ”¥ğŸ”¥,0.48,ğŸ”¥ğŸ”¥ğŸ”¥,
2025-04-08,Texas Rangers,Chicago Cubs,0.6113333333333333,ğŸ”¥ğŸ”¥ğŸ”¥ğŸ”¥,0.3886666666666667,ğŸ”¥ğŸ”¥,
2025-04-08,St. Louis Cardinals,Pittsburgh Pirates,0.28,ğŸ”¥ğŸ”¥,0.72,ğŸ”¥ğŸ”¥ğŸ”¥ğŸ”¥,
2025-04-08,New York Yankees,Detroit Tigers,0.6383333333333333,ğŸ”¥ğŸ”¥ğŸ”¥ğŸ”¥,0.3616666666666667,ğŸ”¥ğŸ”¥,
2025-04-08,Toronto Blue Jays,Boston Red Sox,0.26,ğŸ”¥ğŸ”¥,0.74,ğŸ”¥ğŸ”¥ğŸ”¥ğŸ”¥,
2025-04-08,Chicago White Sox,Cleveland Guardians,0.58,ğŸ”¥ğŸ”¥ğŸ”¥,0.42000000000000004,ğŸ”¥ğŸ”¥ğŸ”¥,
2025-04-08,Baltimore Orioles,Arizona Diamondbacks,0.52,ğŸ”¥ğŸ”¥ğŸ”¥,0.48,ğŸ”¥ğŸ”¥ğŸ”¥,
2025-04-08,Philadelphia Phillies,Atlanta Braves,0.4278333333333333,ğŸ”¥ğŸ”¥ğŸ”¥,0.5721666666666667,ğŸ”¥ğŸ”¥ğŸ”¥,
2025-04-08,Cincinnati Reds,San Francisco Giants,0.22,ğŸ”¥ğŸ”¥,0.78,ğŸ”¥ğŸ”¥ğŸ”¥ğŸ”¥,
2025-04-08,Houston Astros,Seattle Mariners,0.5833333333333333,ğŸ”¥ğŸ”¥ğŸ”¥,0.41666666666666674,ğŸ”¥ğŸ”¥ğŸ”¥,
2025-04-08,Los Angeles Angels,Tampa Bay Rays,0.5966666666666667,ğŸ”¥ğŸ”¥ğŸ”¥,0.4033333333333333,ğŸ”¥ğŸ”¥ğŸ”¥,
2025-04-08,Los Angeles Dodgers,Washington Nationals,0.7725,ğŸ”¥ğŸ”¥ğŸ”¥ğŸ”¥,0.22750000000000004,ğŸ”¥ğŸ”¥,
2025-04-08,San Diego Padres,Athletics,0.34,ğŸ”¥ğŸ”¥,0.6599999999999999,ğŸ”¥ğŸ”¥ğŸ”¥ğŸ”¥,
2025-04-08,Miami Marlins,New York Mets,0.4183333333333333,ğŸ”¥ğŸ”¥ğŸ”¥,0.5816666666666668,ğŸ”¥ğŸ”¥ğŸ”¥,
2025-04-08,Minnesota Twins,Kansas City Royals,0.3916666666666667,ğŸ”¥ğŸ”¥,0.6083333333333333,ğŸ”¥ğŸ”¥ğŸ”¥ğŸ”¥,
2025-04-08,Milwaukee Brewers,Colorado Rockies,0.3934523809523809,ğŸ”¥ğŸ”¥,0.6065476190476191,ğŸ”¥ğŸ”¥ğŸ”¥ğŸ”¥,
2025-04-09,Philadelphia Phillies,Atlanta Braves,0.4278333333333333,ğŸ”¥ğŸ”¥ğŸ”¥,0.5721666666666667,ğŸ”¥ğŸ”¥ğŸ”¥,
2025-04-09,Houston Astros,Seattle Mariners,0.5833333333333333,ğŸ”¥ğŸ”¥ğŸ”¥,0.41666666666666674,ğŸ”¥ğŸ”¥ğŸ”¥,
2025-04-09,Los Angeles Angels,Tampa Bay Rays,0.5966666666666667,ğŸ”¥ğŸ”¥ğŸ”¥,0.4033333333333333,ğŸ”¥ğŸ”¥ğŸ”¥,
2025-04-09,Chicago White Sox,Cleveland Guardians,0.58,ğŸ”¥ğŸ”¥ğŸ”¥,0.42000000000000004,ğŸ”¥ğŸ”¥ğŸ”¥,
2025-04-09,Miami Marlins,New York Mets,0.4183333333333333,ğŸ”¥ğŸ”¥ğŸ”¥,0.5816666666666668,ğŸ”¥ğŸ”¥ğŸ”¥,
2025-04-09,Texas Rangers,Chicago Cubs,0.6113333333333333,ğŸ”¥ğŸ”¥ğŸ”¥ğŸ”¥,0.3886666666666667,ğŸ”¥ğŸ”¥,
2025-04-09,Minnesota Twins,Kansas City Royals,0.3916666666666667,ğŸ”¥ğŸ”¥,0.6083333333333333,ğŸ”¥ğŸ”¥ğŸ”¥ğŸ”¥,
2025-04-09,San Diego Padres,Athletics,0.34,ğŸ”¥ğŸ”¥,0.6599999999999999,ğŸ”¥ğŸ”¥ğŸ”¥ğŸ”¥,
2025-04-09,Los Angeles Dodgers,Washington Nationals,0.7725,ğŸ”¥ğŸ”¥ğŸ”¥ğŸ”¥,0.22750000000000004,ğŸ”¥ğŸ”¥,
2025-04-09,Cincinnati Reds,San Francisco Giants,0.22,ğŸ”¥ğŸ”¥,0.78,ğŸ”¥ğŸ”¥ğŸ”¥ğŸ”¥,
2025-04-09,Milwaukee Brewers,Colorado Rockies,0.3934523809523809,ğŸ”¥ğŸ”¥,0.6065476190476191,ğŸ”¥ğŸ”¥ğŸ”¥ğŸ”¥,
2025-04-09,Baltimore Orioles,Arizona Diamondbacks,0.52,ğŸ”¥ğŸ”¥ğŸ”¥,0.48,ğŸ”¥ğŸ”¥ğŸ”¥,
2025-04-09,St. Louis Cardinals,Pittsburgh Pirates,0.28,ğŸ”¥ğŸ”¥,0.72,ğŸ”¥ğŸ”¥ğŸ”¥ğŸ”¥,
2025-04-09,Toronto Blue Jays,Boston Red Sox,0.26,ğŸ”¥ğŸ”¥,0.74,ğŸ”¥ğŸ”¥ğŸ”¥ğŸ”¥,
2025-04-09,New York Yankees,Detroit Tigers,0.6383333333333333,ğŸ”¥ğŸ”¥ğŸ”¥ğŸ”¥,0.3616666666666667,ğŸ”¥ğŸ”¥,
2025-04-10,Philadelphia Phillies,Atlanta Braves,0.4278333333333333,ğŸ”¥ğŸ”¥ğŸ”¥,0.5721666666666667,ğŸ”¥ğŸ”¥ğŸ”¥,
2025-04-10,Chicago White Sox,Cleveland Guardians,0.58,ğŸ”¥ğŸ”¥ğŸ”¥,0.42000000000000004,ğŸ”¥ğŸ”¥ğŸ”¥,
2025-04-10,Milwaukee Brewers,Colorado Rockies,0.3934523809523809,ğŸ”¥ğŸ”¥,0.6065476190476191,ğŸ”¥ğŸ”¥ğŸ”¥ğŸ”¥,
2025-04-10,Los Angeles Angels,Tampa Bay Rays,0.5966666666666667,ğŸ”¥ğŸ”¥ğŸ”¥,0.4033333333333333,ğŸ”¥ğŸ”¥ğŸ”¥,
2025-04-10,Toronto Blue Jays,Boston Red Sox,0.26,ğŸ”¥ğŸ”¥,0.74,ğŸ”¥ğŸ”¥ğŸ”¥ğŸ”¥,
2025-04-10,Minnesota Twins,Kansas City Royals,0.3916666666666667,ğŸ”¥ğŸ”¥,0.6083333333333333,ğŸ”¥ğŸ”¥ğŸ”¥ğŸ”¥,
2025-04-11,Chicago Cubs,Los Angeles Dodgers,0.2508333333333333,ğŸ”¥ğŸ”¥,0.7491666666666668,ğŸ”¥ğŸ”¥ğŸ”¥ğŸ”¥,
2025-04-11,Kansas City Royals,Cleveland Guardians,0.23,ğŸ”¥ğŸ”¥,0.77,ğŸ”¥ğŸ”¥ğŸ”¥ğŸ”¥,
2025-04-11,San Francisco Giants,New York Yankees,0.7833333333333333,ğŸ”¥ğŸ”¥ğŸ”¥ğŸ”¥,0.21666666666666667,ğŸ”¥ğŸ”¥,
2025-04-11,Toronto Blue Jays,Baltimore Orioles,0.34,ğŸ”¥ğŸ”¥,0.6599999999999999,ğŸ”¥ğŸ”¥ğŸ”¥ğŸ”¥,
2025-04-11,Atlanta Braves,Tampa Bay Rays,0.9016666666666668,ğŸ”¥ğŸ”¥ğŸ”¥ğŸ”¥ğŸ”¥,0.09833333333333316,ğŸ”¥,
2025-04-11,Milwaukee Brewers,Arizona Diamondbacks,0.2733333333333332,ğŸ”¥ğŸ”¥,0.7266666666666668,ğŸ”¥ğŸ”¥ğŸ”¥ğŸ”¥,
2025-04-11,Washington Nationals,Miami Marlins,0.0967142857142857,ğŸ”¥,0.9032857142857142,ğŸ”¥ğŸ”¥ğŸ”¥ğŸ”¥ğŸ”¥,
2025-04-11,Detroit Tigers,Minnesota Twins,0.51,ğŸ”¥ğŸ”¥ğŸ”¥,0.49,ğŸ”¥ğŸ”¥ğŸ”¥,
2025-04-11,Philadelphia Phillies,St. Louis Cardinals,0.57,ğŸ”¥ğŸ”¥ğŸ”¥,0.43000000000000005,ğŸ”¥ğŸ”¥ğŸ”¥,
2025-04-11,Boston Red Sox,Chicago White Sox,0.125,ğŸ”¥,0.875,ğŸ”¥ğŸ”¥ğŸ”¥ğŸ”¥ğŸ”¥,
2025-04-11,Pittsburgh Pirates,Cincinnati Reds,0.185,ğŸ”¥,0.815,ğŸ”¥ğŸ”¥ğŸ”¥ğŸ”¥ğŸ”¥,
2025-04-11,New York Mets,Athletics,0.41,ğŸ”¥ğŸ”¥ğŸ”¥,0.5900000000000001,ğŸ”¥ğŸ”¥ğŸ”¥,
2025-04-11,Colorado Rockies,San Diego Padres,0.1458333333333333,ğŸ”¥,0.8541666666666667,ğŸ”¥ğŸ”¥ğŸ”¥ğŸ”¥ğŸ”¥,
2025-04-11,Texas Rangers,Seattle Mariners,0.4816666666666667,ğŸ”¥ğŸ”¥ğŸ”¥,0.5183333333333333,ğŸ”¥ğŸ”¥ğŸ”¥,
2025-04-11,Los Angeles Angels,Houston Astros,0.51,ğŸ”¥ğŸ”¥ğŸ”¥,0.49,ğŸ”¥ğŸ”¥ğŸ”¥,
2025-04-12,Chicago Cubs,Los Angeles Dodgers,0.2508333333333333,ğŸ”¥ğŸ”¥,0.7491666666666668,ğŸ”¥ğŸ”¥ğŸ”¥ğŸ”¥,
2025-04-12,Kansas City Royals,Cleveland Guardians,0.23,ğŸ”¥ğŸ”¥,0.77,ğŸ”¥ğŸ”¥ğŸ”¥ğŸ”¥,
2025-04-12,Pittsburgh Pirates,Cincinnati Reds,0.185,ğŸ”¥,0.815,ğŸ”¥ğŸ”¥ğŸ”¥ğŸ”¥ğŸ”¥,
2025-04-12,Boston Red Sox,Chicago White Sox,0.125,ğŸ”¥,0.875,ğŸ”¥ğŸ”¥ğŸ”¥ğŸ”¥ğŸ”¥,
2025-04-12,Detroit Tigers,Minnesota Twins,0.51,ğŸ”¥ğŸ”¥ğŸ”¥,0.49,ğŸ”¥ğŸ”¥ğŸ”¥,
2025-04-12,Atlanta Braves,Tampa Bay Rays,0.9016666666666668,ğŸ”¥ğŸ”¥ğŸ”¥ğŸ”¥ğŸ”¥,0.09833333333333316,ğŸ”¥,
2025-04-12,Los Angeles Angels,Houston Astros,0.51,ğŸ”¥ğŸ”¥ğŸ”¥,0.49,ğŸ”¥ğŸ”¥ğŸ”¥,
2025-04-12,Colorado Rockies,San Diego Padres,0.1458333333333333,ğŸ”¥,0.8541666666666667,ğŸ”¥ğŸ”¥ğŸ”¥ğŸ”¥ğŸ”¥,
2025-04-12,Washington Nationals,Miami Marlins,0.0967142857142857,ğŸ”¥,0.9032857142857142,ğŸ”¥ğŸ”¥ğŸ”¥ğŸ”¥ğŸ”¥,
2025-04-12,Texas Rangers,Seattle Mariners,0.4816666666666667,ğŸ”¥ğŸ”¥ğŸ”¥,0.5183333333333333,ğŸ”¥ğŸ”¥ğŸ”¥,
2025-04-12,Milwaukee Brewers,Arizona Diamondbacks,0.2733333333333332,ğŸ”¥ğŸ”¥,0.7266666666666668,ğŸ”¥ğŸ”¥ğŸ”¥ğŸ”¥,
2025-04-12,Toronto Blue Jays,Baltimore Orioles,0.34,ğŸ”¥ğŸ”¥,0.6599999999999999,ğŸ”¥ğŸ”¥ğŸ”¥ğŸ”¥,
2025-04-12,San Francisco Giants,New York Yankees,0.7833333333333333,ğŸ”¥ğŸ”¥ğŸ”¥ğŸ”¥,0.21666666666666667,ğŸ”¥ğŸ”¥,
2025-04-12,New York Mets,Athletics,0.41,ğŸ”¥ğŸ”¥ğŸ”¥,0.5900000000000001,ğŸ”¥ğŸ”¥ğŸ”¥,
2025-04-12,Philadelphia Phillies,St. Louis Cardinals,0.57,ğŸ”¥ğŸ”¥ğŸ”¥,0.43000000000000005,ğŸ”¥ğŸ”¥ğŸ”¥,
2025-04-13,Texas Rangers,Seattle Mariners,0.4816666666666667,ğŸ”¥ğŸ”¥ğŸ”¥,0.5183333333333333,ğŸ”¥ğŸ”¥ğŸ”¥,
2025-04-13,Boston Red Sox,Chicago White Sox,0.125,ğŸ”¥,0.875,ğŸ”¥ğŸ”¥ğŸ”¥ğŸ”¥ğŸ”¥,
2025-04-13,Los Angeles Angels,Houston Astros,0.51,ğŸ”¥ğŸ”¥ğŸ”¥,0.49,ğŸ”¥ğŸ”¥ğŸ”¥,
2025-04-13,Pittsburgh Pirates,Cincinnati Reds,0.185,ğŸ”¥,0.815,ğŸ”¥ğŸ”¥ğŸ”¥ğŸ”¥ğŸ”¥,
2025-04-13,Detroit Tigers,Minnesota Twins,0.51,ğŸ”¥ğŸ”¥ğŸ”¥,0.49,ğŸ”¥ğŸ”¥ğŸ”¥,
2025-04-13,Chicago Cubs,Los Angeles Dodgers,0.2508333333333333,ğŸ”¥ğŸ”¥,0.7491666666666668,ğŸ”¥ğŸ”¥ğŸ”¥ğŸ”¥,
2025-04-13,San Francisco Giants,New York Yankees,0.7833333333333333,ğŸ”¥ğŸ”¥ğŸ”¥ğŸ”¥,0.21666666666666667,ğŸ”¥ğŸ”¥,
2025-04-13,Atlanta Braves,Tampa Bay Rays,0.9016666666666668,ğŸ”¥ğŸ”¥ğŸ”¥ğŸ”¥ğŸ”¥,0.09833333333333316,ğŸ”¥,
2025-04-13,Toronto Blue Jays,Baltimore Orioles,0.34,ğŸ”¥ğŸ”¥,0.6599999999999999,ğŸ”¥ğŸ”¥ğŸ”¥ğŸ”¥,
2025-04-13,Philadelphia Phillies,St. Louis Cardinals,0.57,ğŸ”¥ğŸ”¥ğŸ”¥,0.43000000000000005,ğŸ”¥ğŸ”¥ğŸ”¥,
2025-04-13,Washington Nationals,Miami Marlins,0.0967142857142857,ğŸ”¥,0.9032857142857142,ğŸ”¥ğŸ”¥ğŸ”¥ğŸ”¥ğŸ”¥,
2025-04-13,Colorado Rockies,San Diego Padres,0.1458333333333333,ğŸ”¥,0.8541666666666667,ğŸ”¥ğŸ”¥ğŸ”¥ğŸ”¥ğŸ”¥,
2025-04-13,Milwaukee Brewers,Arizona Diamondbacks,0.2733333333333332,ğŸ”¥ğŸ”¥,0.7266666666666668,ğŸ”¥ğŸ”¥ğŸ”¥ğŸ”¥,
2025-04-13,New York Mets,Athletics,0.41,ğŸ”¥ğŸ”¥ğŸ”¥,0.5900000000000001,ğŸ”¥ğŸ”¥ğŸ”¥,
2025-04-13,Kansas City Royals,Cleveland Guardians,0.23,ğŸ”¥ğŸ”¥,0.77,ğŸ”¥ğŸ”¥ğŸ”¥ğŸ”¥,
2025-04-14,Atlanta Braves,Toronto Blue Jays,0.96,ğŸ”¥ğŸ”¥ğŸ”¥ğŸ”¥ğŸ”¥,0.040000000000000036,ğŸ”¥,
2025-04-14,Washington Nationals,Pittsburgh Pirates,0.28,ğŸ”¥ğŸ”¥,0.72,ğŸ”¥ğŸ”¥ğŸ”¥ğŸ”¥,
2025-04-14,San Francisco Giants,Philadelphia Phillies,0.7168333333333333,ğŸ”¥ğŸ”¥ğŸ”¥ğŸ”¥,0.2831666666666667,ğŸ”¥ğŸ”¥,
2025-04-14,Houston Astros,St. Louis Cardinals,0.78,ğŸ”¥ğŸ”¥ğŸ”¥ğŸ”¥,0.21999999999999997,ğŸ”¥ğŸ”¥,
2025-04-14,Colorado Rockies,Los Angeles Dodgers,0.535,ğŸ”¥ğŸ”¥ğŸ”¥,0.46499999999999997,ğŸ”¥ğŸ”¥ğŸ”¥,
2025-04-14,New York Mets,Minnesota Twins,0.5495238095238095,ğŸ”¥ğŸ”¥ğŸ”¥,0.4504761904761905,ğŸ”¥ğŸ”¥ğŸ”¥,
2025-04-14,Kansas City Royals,New York Yankees,0.4533333333333333,ğŸ”¥ğŸ”¥ğŸ”¥,0.5466666666666666,ğŸ”¥ğŸ”¥ğŸ”¥,
2025-04-14,Boston Red Sox,Tampa Bay Rays,0.452,ğŸ”¥ğŸ”¥ğŸ”¥,0.548,ğŸ”¥ğŸ”¥ğŸ”¥,
2025-04-14,Detroit Tigers,Milwaukee Brewers,0.4933333333333333,ğŸ”¥ğŸ”¥ğŸ”¥,0.5066666666666667,ğŸ”¥ğŸ”¥ğŸ”¥,
2025-04-14,Chicago Cubs,San Diego Padres,0.212,ğŸ”¥ğŸ”¥,0.788,ğŸ”¥ğŸ”¥ğŸ”¥ğŸ”¥,
2025-04-15,Washington Nationals,Pittsburgh Pirates,0.28,ğŸ”¥ğŸ”¥,0.72,ğŸ”¥ğŸ”¥ğŸ”¥ğŸ”¥,
2025-04-15,Athletics,Chicago White Sox,0.26,ğŸ”¥ğŸ”¥,0.74,ğŸ”¥ğŸ”¥ğŸ”¥ğŸ”¥,
2025-04-15,Chicago Cubs,San Diego Padres,0.212,ğŸ”¥ğŸ”¥,0.788,ğŸ”¥ğŸ”¥ğŸ”¥ğŸ”¥,
2025-04-15,Colorado Rockies,Los Angeles Dodgers,0.535,ğŸ”¥ğŸ”¥ğŸ”¥,0.46499999999999997,ğŸ”¥ğŸ”¥ğŸ”¥,
2025-04-15,Kansas City Royals,New York Yankees,0.4533333333333333,ğŸ”¥ğŸ”¥ğŸ”¥,0.5466666666666666,ğŸ”¥ğŸ”¥ğŸ”¥,
2025-04-15,Detroit Tigers,Milwaukee Brewers,0.4933333333333333,ğŸ”¥ğŸ”¥ğŸ”¥,0.5066666666666667,ğŸ”¥ğŸ”¥ğŸ”¥,
2025-04-15,Boston Red Sox,Tampa Bay Rays,0.452,ğŸ”¥ğŸ”¥ğŸ”¥,0.548,ğŸ”¥ğŸ”¥ğŸ”¥,
2025-04-15,New York Mets,Minnesota Twins,0.5495238095238095,ğŸ”¥ğŸ”¥ğŸ”¥,0.4504761904761905,ğŸ”¥ğŸ”¥ğŸ”¥,
2025-04-15,Arizona Diamondbacks,Miami Marlins,0.63,ğŸ”¥ğŸ”¥ğŸ”¥ğŸ”¥,0.37,ğŸ”¥ğŸ”¥,
2025-04-15,San Francisco Giants,Philadelphia Phillies,0.7168333333333333,ğŸ”¥ğŸ”¥ğŸ”¥ğŸ”¥,0.2831666666666667,ğŸ”¥ğŸ”¥,
2025-04-15,Cleveland Guardians,Baltimore Orioles,0.2153333333333333,ğŸ”¥ğŸ”¥,0.7846666666666667,ğŸ”¥ğŸ”¥ğŸ”¥ğŸ”¥,
2025-04-15,Seattle Mariners,Cincinnati Reds,0.72,ğŸ”¥ğŸ”¥ğŸ”¥ğŸ”¥,0.28,ğŸ”¥ğŸ”¥,
2025-04-15,Houston Astros,St. Louis Cardinals,0.78,ğŸ”¥ğŸ”¥ğŸ”¥ğŸ”¥,0.21999999999999997,ğŸ”¥ğŸ”¥,
2025-04-15,Atlanta Braves,Toronto Blue Jays,0.96,ğŸ”¥ğŸ”¥ğŸ”¥ğŸ”¥ğŸ”¥,0.040000000000000036,ğŸ”¥,
2025-04-15,Los Angeles Angels,Texas Rangers,0.41,ğŸ”¥ğŸ”¥ğŸ”¥,0.5900000000000001,ğŸ”¥ğŸ”¥ğŸ”¥,
2025-04-16,San Francisco Giants,Philadelphia Phillies,0.7168333333333333,ğŸ”¥ğŸ”¥ğŸ”¥ğŸ”¥,0.2831666666666667,ğŸ”¥ğŸ”¥,
2025-04-16,Athletics,Chicago White Sox,0.26,ğŸ”¥ğŸ”¥,0.74,ğŸ”¥ğŸ”¥ğŸ”¥ğŸ”¥,
2025-04-16,Detroit Tigers,Milwaukee Brewers,0.4933333333333333,ğŸ”¥ğŸ”¥ğŸ”¥,0.5066666666666667,ğŸ”¥ğŸ”¥ğŸ”¥,
2025-04-16,Seattle Mariners,Cincinnati Reds,0.72,ğŸ”¥ğŸ”¥ğŸ”¥ğŸ”¥,0.28,ğŸ”¥ğŸ”¥,
2025-04-16,Houston Astros,St. Louis Cardinals,0.78,ğŸ”¥ğŸ”¥ğŸ”¥ğŸ”¥,0.21999999999999997,ğŸ”¥ğŸ”¥,
2025-04-16,Chicago Cubs,San Diego Padres,0.212,ğŸ”¥ğŸ”¥,0.788,ğŸ”¥ğŸ”¥ğŸ”¥ğŸ”¥,
2025-04-16,New York Mets,Minnesota Twins,0.5495238095238095,ğŸ”¥ğŸ”¥ğŸ”¥,0.4504761904761905,ğŸ”¥ğŸ”¥ğŸ”¥,
2025-04-16,Colorado Rockies,Los Angeles Dodgers,0.535,ğŸ”¥ğŸ”¥ğŸ”¥,0.46499999999999997,ğŸ”¥ğŸ”¥ğŸ”¥,
2025-04-16,Washington Nationals,Pittsburgh Pirates,0.28,ğŸ”¥ğŸ”¥,0.72,ğŸ”¥ğŸ”¥ğŸ”¥ğŸ”¥,
2025-04-16,Cleveland Guardians,Baltimore Orioles,0.2153333333333333,ğŸ”¥ğŸ”¥,0.7846666666666667,ğŸ”¥ğŸ”¥ğŸ”¥ğŸ”¥,
2025-04-16,Arizona Diamondbacks,Miami Marlins,0.63,ğŸ”¥ğŸ”¥ğŸ”¥ğŸ”¥,0.37,ğŸ”¥ğŸ”¥,
2025-04-16,Atlanta Braves,Toronto Blue Jays,0.96,ğŸ”¥ğŸ”¥ğŸ”¥ğŸ”¥ğŸ”¥,0.040000000000000036,ğŸ”¥,
2025-04-16,Los Angeles Angels,Texas Rangers,0.41,ğŸ”¥ğŸ”¥ğŸ”¥,0.5900000000000001,ğŸ”¥ğŸ”¥ğŸ”¥,
2025-04-16,Kansas City Royals,New York Yankees,0.4533333333333333,ğŸ”¥ğŸ”¥ğŸ”¥,0.5466666666666666,ğŸ”¥ğŸ”¥ğŸ”¥,
2025-04-16,Boston Red Sox,Tampa Bay Rays,0.452,ğŸ”¥ğŸ”¥ğŸ”¥,0.548,ğŸ”¥ğŸ”¥ğŸ”¥,
2025-04-17,Los Angeles Angels,Texas Rangers,0.41,ğŸ”¥ğŸ”¥ğŸ”¥,0.5900000000000001,ğŸ”¥ğŸ”¥ğŸ”¥,
2025-04-17,Seattle Mariners,Cincinnati Reds,0.72,ğŸ”¥ğŸ”¥ğŸ”¥ğŸ”¥,0.28,ğŸ”¥ğŸ”¥,
2025-04-17,New York Yankees,Tampa Bay Rays,0.44,ğŸ”¥ğŸ”¥ğŸ”¥,0.56,ğŸ”¥ğŸ”¥ğŸ”¥,
2025-04-17,Cleveland Guardians,Baltimore Orioles,0.2153333333333333,ğŸ”¥ğŸ”¥,0.7846666666666667,ğŸ”¥ğŸ”¥ğŸ”¥ğŸ”¥,
2025-04-17,St. Louis Cardinals,New York Mets,0.0966666666666666,ğŸ”¥,0.9033333333333334,ğŸ”¥ğŸ”¥ğŸ”¥ğŸ”¥ğŸ”¥,
2025-04-17,San Francisco Giants,Philadelphia Phillies,0.7168333333333333,ğŸ”¥ğŸ”¥ğŸ”¥ğŸ”¥,0.2831666666666667,ğŸ”¥ğŸ”¥,
2025-04-17,Athletics,Chicago White Sox,0.26,ğŸ”¥ğŸ”¥,0.74,ğŸ”¥ğŸ”¥ğŸ”¥ğŸ”¥,
2025-04-17,Kansas City Royals,Detroit Tigers,0.325,ğŸ”¥ğŸ”¥,0.675,ğŸ”¥ğŸ”¥ğŸ”¥ğŸ”¥,
2025-04-17,Washington Nationals,Pittsburgh Pirates,0.28,ğŸ”¥ğŸ”¥,0.72,ğŸ”¥ğŸ”¥ğŸ”¥ğŸ”¥,
2025-04-17,Arizona Diamondbacks,Miami Marlins,0.63,ğŸ”¥ğŸ”¥ğŸ”¥ğŸ”¥,0.37,ğŸ”¥ğŸ”¥,
2025-04-18,Minnesota Twins,Atlanta Braves,0.64,ğŸ”¥ğŸ”¥ğŸ”¥ğŸ”¥,0.36,ğŸ”¥ğŸ”¥,
2025-04-18,St. Louis Cardinals,New York Mets,0.0966666666666666,ğŸ”¥,0.9033333333333334,ğŸ”¥ğŸ”¥ğŸ”¥ğŸ”¥ğŸ”¥,
2025-04-18,Chicago White Sox,Boston Red Sox,0.47,ğŸ”¥ğŸ”¥ğŸ”¥,0.53,ğŸ”¥ğŸ”¥ğŸ”¥,
2025-04-18,Kansas City Royals,Detroit Tigers,0.325,ğŸ”¥ğŸ”¥,0.675,ğŸ”¥ğŸ”¥ğŸ”¥ğŸ”¥,
2025-04-18,San Diego Padres,Houston Astros,0.36,ğŸ”¥ğŸ”¥,0.64,ğŸ”¥ğŸ”¥ğŸ”¥ğŸ”¥,
2025-04-18,Arizona Diamondbacks,Chicago Cubs,0.6298333333333334,ğŸ”¥ğŸ”¥ğŸ”¥ğŸ”¥,0.37016666666666664,ğŸ”¥ğŸ”¥,
2025-04-18,Cleveland Guardians,Pittsburgh Pirates,0.28,ğŸ”¥ğŸ”¥,0.72,ğŸ”¥ğŸ”¥ğŸ”¥ğŸ”¥,
2025-04-18,Athletics,Milwaukee Brewers,0.4183333333333333,ğŸ”¥ğŸ”¥ğŸ”¥,0.5816666666666668,ğŸ”¥ğŸ”¥ğŸ”¥,
2025-04-18,New York Yankees,Tampa Bay Rays,0.44,ğŸ”¥ğŸ”¥ğŸ”¥,0.56,ğŸ”¥ğŸ”¥ğŸ”¥,
2025-04-18,Seattle Mariners,Toronto Blue Jays,0.82,ğŸ”¥ğŸ”¥ğŸ”¥ğŸ”¥ğŸ”¥,0.18000000000000005,ğŸ”¥,
2025-04-18,Los Angeles Dodgers,Texas Rangers,0.34,ğŸ”¥ğŸ”¥,0.6599999999999999,ğŸ”¥ğŸ”¥ğŸ”¥ğŸ”¥,
2025-04-18,San Francisco Giants,Los Angeles Angels,0.52,ğŸ”¥ğŸ”¥ğŸ”¥,0.48,ğŸ”¥ğŸ”¥ğŸ”¥,
2025-04-18,Miami Marlins,Philadelphia Phillies,0.5171666666666667,ğŸ”¥ğŸ”¥ğŸ”¥,0.48283333333333334,ğŸ”¥ğŸ”¥ğŸ”¥,
2025-04-18,Cincinnati Reds,Baltimore Orioles,0.34,ğŸ”¥ğŸ”¥,0.6599999999999999,ğŸ”¥ğŸ”¥ğŸ”¥ğŸ”¥,
2025-04-18,Washington Nationals,Colorado Rockies,0.3380238095238094,ğŸ”¥ğŸ”¥,0.6619761904761906,ğŸ”¥ğŸ”¥ğŸ”¥ğŸ”¥,
2025-04-19,Seattle Mariners,Toronto Blue Jays,0.82,ğŸ”¥ğŸ”¥ğŸ”¥ğŸ”¥ğŸ”¥,0.18000000000000005,ğŸ”¥,8.0
2025-04-19,Washington Nationals,Colorado Rockies,0.3380238095238094,ğŸ”¥ğŸ”¥,0.6619761904761906,ğŸ”¥ğŸ”¥ğŸ”¥ğŸ”¥,9.0
2025-04-19,San Diego Padres,Houston Astros,0.36,ğŸ”¥ğŸ”¥,0.64,ğŸ”¥ğŸ”¥ğŸ”¥ğŸ”¥,8.0
2025-04-19,Chicago White Sox,Boston Red Sox,0.47,ğŸ”¥ğŸ”¥ğŸ”¥,0.53,ğŸ”¥ğŸ”¥ğŸ”¥,9.0
2025-04-19,Cincinnati Reds,Baltimore Orioles,0.34,ğŸ”¥ğŸ”¥,0.6599999999999999,ğŸ”¥ğŸ”¥ğŸ”¥ğŸ”¥,9.0
2025-04-19,Minnesota Twins,Atlanta Braves,0.64,ğŸ”¥ğŸ”¥ğŸ”¥ğŸ”¥,0.36,ğŸ”¥ğŸ”¥,7.5
2025-04-19,Kansas City Royals,Detroit Tigers,0.325,ğŸ”¥ğŸ”¥,0.675,ğŸ”¥ğŸ”¥ğŸ”¥ğŸ”¥,8.0
2025-04-19,Arizona Diamondbacks,Chicago Cubs,0.6298333333333334,ğŸ”¥ğŸ”¥ğŸ”¥ğŸ”¥,0.37016666666666664,ğŸ”¥ğŸ”¥,7.5
2025-04-19,Cleveland Guardians,Pittsburgh Pirates,0.28,ğŸ”¥ğŸ”¥,0.72,ğŸ”¥ğŸ”¥ğŸ”¥ğŸ”¥,8.0
2025-04-19,Athletics,Milwaukee Brewers,0.4183333333333333,ğŸ”¥ğŸ”¥ğŸ”¥,0.5816666666666668,ğŸ”¥ğŸ”¥ğŸ”¥,
2025-04-19,Los Angeles Dodgers,Texas Rangers,0.34,ğŸ”¥ğŸ”¥,0.6599999999999999,ğŸ”¥ğŸ”¥ğŸ”¥ğŸ”¥,8.5
2025-04-19,New York Yankees,Tampa Bay Rays,0.44,ğŸ”¥ğŸ”¥ğŸ”¥,0.56,ğŸ”¥ğŸ”¥ğŸ”¥,9.5
2025-04-19,San Francisco Giants,Los Angeles Angels,0.52,ğŸ”¥ğŸ”¥ğŸ”¥,0.48,ğŸ”¥ğŸ”¥ğŸ”¥,8.5
2025-04-19,Miami Marlins,Philadelphia Phillies,0.5171666666666667,ğŸ”¥ğŸ”¥ğŸ”¥,0.48283333333333334,ğŸ”¥ğŸ”¥ğŸ”¥,10.0
2025-04-19,St. Louis Cardinals,New York Mets,0.0966666666666666,ğŸ”¥,0.9033333333333334,ğŸ”¥ğŸ”¥ğŸ”¥ğŸ”¥ğŸ”¥,8.5
2025-04-20,St. Louis Cardinals,New York Mets,0.0966666666666666,ğŸ”¥,0.9033333333333334,ğŸ”¥ğŸ”¥ğŸ”¥ğŸ”¥ğŸ”¥,
2025-04-20,Athletics,Milwaukee Brewers,0.4183333333333333,ğŸ”¥ğŸ”¥ğŸ”¥,0.5816666666666668,ğŸ”¥ğŸ”¥ğŸ”¥,
2025-04-20,Cleveland Guardians,Pittsburgh Pirates,0.28,ğŸ”¥ğŸ”¥,0.72,ğŸ”¥ğŸ”¥ğŸ”¥ğŸ”¥,
2025-04-20,San Francisco Giants,Los Angeles Angels,0.52,ğŸ”¥ğŸ”¥ğŸ”¥,0.48,ğŸ”¥ğŸ”¥ğŸ”¥,
2025-04-20,Minnesota Twins,Atlanta Braves,0.64,ğŸ”¥ğŸ”¥ğŸ”¥ğŸ”¥,0.36,ğŸ”¥ğŸ”¥,
2025-04-20,Cincinnati Reds,Baltimore Orioles,0.34,ğŸ”¥ğŸ”¥,0.6599999999999999,ğŸ”¥ğŸ”¥ğŸ”¥ğŸ”¥,
2025-04-20,Miami Marlins,Philadelphia Phillies,0.5171666666666667,ğŸ”¥ğŸ”¥ğŸ”¥,0.48283333333333334,ğŸ”¥ğŸ”¥ğŸ”¥,
2025-04-20,Seattle Mariners,Toronto Blue Jays,0.82,ğŸ”¥ğŸ”¥ğŸ”¥ğŸ”¥ğŸ”¥,0.18000000000000005,ğŸ”¥,
2025-04-20,Washington Nationals,Colorado Rockies,0.3380238095238094,ğŸ”¥ğŸ”¥,0.6619761904761906,ğŸ”¥ğŸ”¥ğŸ”¥ğŸ”¥,
2025-04-20,Chicago White Sox,Boston Red Sox,0.47,ğŸ”¥ğŸ”¥ğŸ”¥,0.53,ğŸ”¥ğŸ”¥ğŸ”¥,
2025-04-20,Arizona Diamondbacks,Chicago Cubs,0.6298333333333334,ğŸ”¥ğŸ”¥ğŸ”¥ğŸ”¥,0.37016666666666664,ğŸ”¥ğŸ”¥,
2025-04-20,Kansas City Royals,Detroit Tigers,0.325,ğŸ”¥ğŸ”¥,0.675,ğŸ”¥ğŸ”¥ğŸ”¥ğŸ”¥,
2025-04-20,New York Yankees,Tampa Bay Rays,0.44,ğŸ”¥ğŸ”¥ğŸ”¥,0.56,ğŸ”¥ğŸ”¥ğŸ”¥,
2025-04-20,San Diego Padres,Houston Astros,0.36,ğŸ”¥ğŸ”¥,0.64,ğŸ”¥ğŸ”¥ğŸ”¥ğŸ”¥,
2025-04-20,Los Angeles Dodgers,Texas Rangers,0.34,ğŸ”¥ğŸ”¥,0.6599999999999999,ğŸ”¥ğŸ”¥ğŸ”¥ğŸ”¥,
2025-04-21,Chicago White Sox,Boston Red Sox,0.47,ğŸ”¥ğŸ”¥ğŸ”¥,0.53,ğŸ”¥ğŸ”¥ğŸ”¥,
2025-04-21,St. Louis Cardinals,Atlanta Braves,0.5175,ğŸ”¥ğŸ”¥ğŸ”¥,0.48250000000000004,ğŸ”¥ğŸ”¥ğŸ”¥,
2025-04-21,San Diego Padres,Detroit Tigers,0.47,ğŸ”¥ğŸ”¥ğŸ”¥,0.53,ğŸ”¥ğŸ”¥ğŸ”¥,
2025-04-21,Toronto Blue Jays,Houston Astros,0.1528333333333333,ğŸ”¥,0.8471666666666667,ğŸ”¥ğŸ”¥ğŸ”¥ğŸ”¥ğŸ”¥,
2025-04-21,New York Yankees,Cleveland Guardians,0.6333333333333333,ğŸ”¥ğŸ”¥ğŸ”¥ğŸ”¥,0.3666666666666667,ğŸ”¥ğŸ”¥,
2025-04-21,Milwaukee Brewers,San Francisco Giants,0.155,ğŸ”¥,0.845,ğŸ”¥ğŸ”¥ğŸ”¥ğŸ”¥ğŸ”¥,
2025-04-21,Philadelphia Phillies,New York Mets,0.212,ğŸ”¥ğŸ”¥,0.788,ğŸ”¥ğŸ”¥ğŸ”¥ğŸ”¥,
2025-04-21,Cincinnati Reds,Miami Marlins,0.28,ğŸ”¥ğŸ”¥,0.72,ğŸ”¥ğŸ”¥ğŸ”¥ğŸ”¥,
2025-04-22,Baltimore Orioles,Washington Nationals,0.759,ğŸ”¥ğŸ”¥ğŸ”¥ğŸ”¥,0.241,ğŸ”¥ğŸ”¥,
2025-04-22,New York Yankees,Cleveland Guardians,0.6333333333333333,ğŸ”¥ğŸ”¥ğŸ”¥ğŸ”¥,0.3666666666666667,ğŸ”¥ğŸ”¥,
2025-04-22,Chicago White Sox,Minnesota Twins,0.56,ğŸ”¥ğŸ”¥ğŸ”¥,0.43999999999999995,ğŸ”¥ğŸ”¥ğŸ”¥,
2025-04-22,Tampa Bay Rays,Arizona Diamondbacks,0.01,ğŸ”¥,0.99,ğŸ”¥ğŸ”¥ğŸ”¥ğŸ”¥ğŸ”¥,
2025-04-22,St. Louis Cardinals,Atlanta Braves,0.5175,ğŸ”¥ğŸ”¥ğŸ”¥,0.48250000000000004,ğŸ”¥ğŸ”¥ğŸ”¥,
2025-04-22,Cincinnati Reds,Miami Marlins,0.28,ğŸ”¥ğŸ”¥,0.72,ğŸ”¥ğŸ”¥ğŸ”¥ğŸ”¥,
2025-04-22,Texas Rangers,Athletics,0.28,ğŸ”¥ğŸ”¥,0.72,ğŸ”¥ğŸ”¥ğŸ”¥ğŸ”¥,
2025-04-22,San Diego Padres,Detroit Tigers,0.47,ğŸ”¥ğŸ”¥ğŸ”¥,0.53,ğŸ”¥ğŸ”¥ğŸ”¥,
2025-04-22,Philadelphia Phillies,New York Mets,0.212,ğŸ”¥ğŸ”¥,0.788,ğŸ”¥ğŸ”¥ğŸ”¥ğŸ”¥,
2025-04-22,Los Angeles Dodgers,Chicago Cubs,0.7791666666666666,ğŸ”¥ğŸ”¥ğŸ”¥ğŸ”¥,0.22083333333333344,ğŸ”¥ğŸ”¥,
2025-04-22,Seattle Mariners,Boston Red Sox,0.65,ğŸ”¥ğŸ”¥ğŸ”¥ğŸ”¥,0.35,ğŸ”¥ğŸ”¥,
2025-04-22,Colorado Rockies,Kansas City Royals,0.33,ğŸ”¥ğŸ”¥,0.6699999999999999,ğŸ”¥ğŸ”¥ğŸ”¥ğŸ”¥,
2025-04-22,Pittsburgh Pirates,Los Angeles Angels,0.0742142857142857,ğŸ”¥,0.9257857142857143,ğŸ”¥ğŸ”¥ğŸ”¥ğŸ”¥ğŸ”¥,
2025-04-22,Milwaukee Brewers,San Francisco Giants,0.155,ğŸ”¥,0.845,ğŸ”¥ğŸ”¥ğŸ”¥ğŸ”¥ğŸ”¥,
2025-04-22,Toronto Blue Jays,Houston Astros,0.1528333333333333,ğŸ”¥,0.8471666666666667,ğŸ”¥ğŸ”¥ğŸ”¥ğŸ”¥ğŸ”¥,
2025-04-23,Los Angeles Dodgers,Chicago Cubs,0.7791666666666666,ğŸ”¥ğŸ”¥ğŸ”¥ğŸ”¥,0.22083333333333344,ğŸ”¥ğŸ”¥,
2025-04-23,Seattle Mariners,Boston Red Sox,0.65,ğŸ”¥ğŸ”¥ğŸ”¥ğŸ”¥,0.35,ğŸ”¥ğŸ”¥,
2025-04-23,New York Yankees,Cleveland Guardians,0.6333333333333333,ğŸ”¥ğŸ”¥ğŸ”¥ğŸ”¥,0.3666666666666667,ğŸ”¥ğŸ”¥,
2025-04-23,Pittsburgh Pirates,Los Angeles Angels,0.0742142857142857,ğŸ”¥,0.9257857142857143,ğŸ”¥ğŸ”¥ğŸ”¥ğŸ”¥ğŸ”¥,
2025-04-23,Baltimore Orioles,Washington Nationals,0.759,ğŸ”¥ğŸ”¥ğŸ”¥ğŸ”¥,0.241,ğŸ”¥ğŸ”¥,
2025-04-23,Philadelphia Phillies,New York Mets,0.212,ğŸ”¥ğŸ”¥,0.788,ğŸ”¥ğŸ”¥ğŸ”¥ğŸ”¥,
2025-04-23,St. Louis Cardinals,Atlanta Braves,0.5175,ğŸ”¥ğŸ”¥ğŸ”¥,0.48250000000000004,ğŸ”¥ğŸ”¥ğŸ”¥,
2025-04-23,San Diego Padres,Detroit Tigers,0.47,ğŸ”¥ğŸ”¥ğŸ”¥,0.53,ğŸ”¥ğŸ”¥ğŸ”¥,
2025-04-23,Tampa Bay Rays,Arizona Diamondbacks,0.01,ğŸ”¥,0.99,ğŸ”¥ğŸ”¥ğŸ”¥ğŸ”¥ğŸ”¥,
2025-04-23,Cincinnati Reds,Miami Marlins,0.28,ğŸ”¥ğŸ”¥,0.72,ğŸ”¥ğŸ”¥ğŸ”¥ğŸ”¥,
2025-04-23,Toronto Blue Jays,Houston Astros,0.1528333333333333,ğŸ”¥,0.8471666666666667,ğŸ”¥ğŸ”¥ğŸ”¥ğŸ”¥ğŸ”¥,
2025-04-23,Texas Rangers,Athletics,0.28,ğŸ”¥ğŸ”¥,0.72,ğŸ”¥ğŸ”¥ğŸ”¥ğŸ”¥,
2025-04-23,Milwaukee Brewers,San Francisco Giants,0.155,ğŸ”¥,0.845,ğŸ”¥ğŸ”¥ğŸ”¥ğŸ”¥ğŸ”¥,
2025-04-23,Chicago White Sox,Minnesota Twins,0.56,ğŸ”¥ğŸ”¥ğŸ”¥,0.43999999999999995,ğŸ”¥ğŸ”¥ğŸ”¥,
2025-04-23,Colorado Rockies,Kansas City Royals,0.33,ğŸ”¥ğŸ”¥,0.6699999999999999,ğŸ”¥ğŸ”¥ğŸ”¥ğŸ”¥,
2025-04-24,Chicago White Sox,Minnesota Twins,0.56,ğŸ”¥ğŸ”¥ğŸ”¥,0.43999999999999995,ğŸ”¥ğŸ”¥ğŸ”¥,
2025-04-24,Texas Rangers,Athletics,0.28,ğŸ”¥ğŸ”¥,0.72,ğŸ”¥ğŸ”¥ğŸ”¥ğŸ”¥,
2025-04-24,Colorado Rockies,Kansas City Royals,0.33,ğŸ”¥ğŸ”¥,0.6699999999999999,ğŸ”¥ğŸ”¥ğŸ”¥ğŸ”¥,
2025-04-24,Pittsburgh Pirates,Los Angeles Angels,0.0742142857142857,ğŸ”¥,0.9257857142857143,ğŸ”¥ğŸ”¥ğŸ”¥ğŸ”¥ğŸ”¥,
2025-04-24,Milwaukee Brewers,San Francisco Giants,0.155,ğŸ”¥,0.845,ğŸ”¥ğŸ”¥ğŸ”¥ğŸ”¥ğŸ”¥,
2025-04-24,Seattle Mariners,Boston Red Sox,0.65,ğŸ”¥ğŸ”¥ğŸ”¥ğŸ”¥,0.35,ğŸ”¥ğŸ”¥,
2025-04-24,Baltimore Orioles,Washington Nationals,0.759,ğŸ”¥ğŸ”¥ğŸ”¥ğŸ”¥,0.241,ğŸ”¥ğŸ”¥,
2025-04-24,Tampa Bay Rays,Arizona Diamondbacks,0.01,ğŸ”¥,0.99,ğŸ”¥ğŸ”¥ğŸ”¥ğŸ”¥ğŸ”¥,
